Time/BA(s);RefinedPose;ConstPose;IgnoredPose;RefinedPts;ConstPts;IgnoredPts;RefinedK;ConstK;IgnoredK;ResidualBlocks;SuccessIteration;BadIteration;InitRMSE;FinalRMSE;d=-1;d=0;d=1;d=2;d=3;d=4;d=5;d=6;d=7;d=8;d=9;d=10+;
0.0462871;2;0;0;50;0;0;0;1;0;100;4;0;0.772067;0.577031;0;0;0;0;0;0;0;0;0;0;0;0;
0.0258141;2;0;0;38;0;0;0;1;0;76;3;0;0.679721;0.354275;0;0;0;0;0;0;0;0;0;0;0;0;
0.0369749;2;0;0;42;0;0;0;1;0;84;7;0;0.618141;0.55729;0;0;0;0;0;0;0;0;0;0;0;0;
0.047159;2;0;0;80;0;0;0;1;0;160;5;0;0.817831;0.736701;0;0;0;0;0;0;0;0;0;0;0;0;
0.296064;3;0;0;192;0;0;1;0;0;384;17;0;1.45269;1.01638;0;0;0;0;0;0;0;0;0;0;0;0;
